"Path","Platform","Compiled","Cooked","Permutations","Compiletime","CompiledDouble","CookedDouble"
"Globals","0","5749","0","1","0.000000","0","0"
"/Game/InteractionSystem/Assets/Materials/Master/M_ProcGrid.M_ProcGrid","0","80","84","2","140.542374","0","84"
"/Engine/EngineMaterials/Widget3DPassThrough.Widget3DPassThrough","0","49","54","6","53.156830","0","54"
"/Engine/EditorLandscapeResources/LandscapeLayerUsageMaterial.LandscapeLayerUsageMaterial","0","2","2","1","1.950599","0","2"
"/Game/Neo/NeoMat/matVertexColor.matVertexColor","0","12","12","1","12.457486","0","12"
"","0","1","0","1","0.000000","1","0"
"/Text3D/Materials/M_Text3DOpaqueUnlit.M_Text3DOpaqueUnlit","0","2","2","1","1.787238","0","2"
"/InterchangeAssets/gltf/M_Sheen.M_Sheen","0","242","252","6","645.444092","0","252"
"/InterchangeAssets/gltf/M_Unlit.M_Unlit","0","98","108","6","84.526733","0","108"
"/InterchangeAssets/gltf/M_Default.M_Default","0","250","268","6","770.180420","0","208"
"/InterchangeAssets/gltf/M_ClearCoat.M_ClearCoat","0","250","268","6","573.482788","0","268"
"/InterchangeAssets/gltf/M_Transmission.M_Transmission","0","84","84","2","1306.809570","0","44"
"/Engine/EngineMaterials/DefaultTextMaterialOpaque.DefaultTextMaterialOpaque","0","27","29","1","28.437260","0","29"
"/Engine/EngineMaterials/WorldGridMaterial.WorldGridMaterial","0","910","931","1","638.641541","0","931"
"/Engine/EngineMaterials/FlattenMaterial_WS_Normal_VT.FlattenMaterial_WS_Normal_VT","0","33","33","1","37.775894","0","33"
"/Niagara/DefaultAssets/DefaultRIbbonMaterial.DefaultRibbonMaterial","0","30","35","1","37.480038","0","35"
"/Niagara/DefaultAssets/DefaultSpriteMaterial.DefaultSpriteMaterial","0","40","45","1","50.108849","0","45"
"/Game/InteractionSystem/Assets/Materials/Master/M_Basic.M_Basic","0","63","63","1","74.183403","0","63"
"/Game/InteractionSystem/Assets/Materials/Master/M_Glow.M_Glow","0","2","2","1","2.738220","0","2"
"/Game/Neo/NeoMat/matBridge.matBridge","0","20","20","1","26.512791","0","20"
"/Game/Neo/NeoMat/matWireframe.matWireframe","0","27","28","1","37.615223","0","28"
"/Game/Neo/NeoMat/matField.matField","0","20","20","1","25.397474","0","20"
"/Engine/EditorMeshes/ColorCalibrator/M_ChromeBall.M_ChromeBall","0","33","33","1","39.663574","0","33"
"/InterchangeAssets/gltf/M_SpecularGlossiness.M_SpecularGlossiness","0","242","252","6","779.950928","0","252"
"/Engine/EngineMaterials/DefaultMaterial.DefaultMaterial","0","123","123","1","55.087021","0","123"
"/Engine/EngineMaterials/DefaultDeferredDecalMaterial.DefaultDeferredDecalMaterial","0","129","129","1","120.982826","0","129"
"/Engine/EngineMaterials/DefaultPostProcessMaterial.DefaultPostProcessMaterial","0","31","31","1","18.978947","0","31"
"/Engine/EngineDebugMaterials/M_VolumeRenderSphereTracePP.M_VolumeRenderSphereTracePP","0","5","5","1","3.032770","0","5"
"/Engine/EditorLandscapeResources/MaskBrushMaterial.MaskBrushMaterial","0","5","5","1","4.281221","0","5"
"/Engine/VREditor/TransformGizmo/TransformGizmoMaterial.TransformGizmoMaterial","0","2","2","1","2.473831","0","2"
"/Paper2D/DefaultSpriteMaterial.DefaultSpriteMaterial","0","40","46","2","51.250198","0","46"
"/ControlRig/M_Manip.M_Manip","0","10","11","1","10.527586","0","11"
"/Engine/EngineMaterials/PhAT_JointLimitMaterial.PhAT_JointLimitMaterial","0","10","11","1","8.094188","0","11"
"/Engine/EditorLandscapeResources/LayerVisMaterial.LayerVisMaterial","0","2","2","1","2.504745","0","2"
"/Engine/EditorLandscapeResources/SelectBrushMaterial.SelectBrushMaterial","0","10","10","2","11.332952","0","10"
"/Engine/EditorLandscapeResources/ColorMaskBrushMaterial.ColorMaskBrushMaterial","0","5","5","1","4.620383","0","5"
"/Engine/EditorLandscapeResources/LandscapeDirtyMaterial.LandscapeDirtyMaterial","0","5","5","1","5.512795","0","5"
"/Engine/EngineMaterials/EmissiveMeshMaterial.EmissiveMeshMaterial","0","14","14","1","15.326824","0","14"
"/Engine/EngineMaterials/M_InvalidLightmapSettings.M_InvalidLightmapSettings","0","24","24","1","28.694307","0","24"
"/Engine/EngineMaterials/FlattenMaterial.FlattenMaterial","0","54","54","1","73.565773","0","54"
"/Engine/EngineMaterials/FlattenMaterial_VT.FlattenMaterial_VT","0","33","33","1","41.089066","0","33"
"/Engine/VREditor/SnapGrid/SnapGridMaterial.SnapGridMaterial","0","14","14","1","17.695658","0","14"
"/Game/JeremyPuzzle/ModelsAndProps/Assets/Materials/Chest.Chest","0","21","21","1","27.386103","0","21"
"/Game/_nOrbital/mat/rt_Screen1_Mat.rt_Screen1_Mat","0","2","2","1","1.899300","0","2"
"/Game/_nOrbital/mat/rt_Screen2_Mat.rt_Screen2_Mat","0","2","2","1","0.000000","0","2"
"/Engine/EngineMaterials/PPM_DefaultCalibrationColor.PPM_DefaultCalibrationColor","0","5","5","1","1.431417","0","5"
"/Engine/EngineDebugMaterials/DebugEditorMaterial.DebugEditorMaterial","0","5","6","1","5.195303","0","6"
"/Engine/EngineMaterials/PPM_DefaultCalibrationGrayscale.PPM_DefaultCalibrationGrayscale","0","5","5","1","1.333751","0","5"
"/ControlRig/Controls/ControlRigGizmoMaterial.ControlRigGizmoMaterial","0","2","2","1","1.128510","0","2"
"/Engine/EditorMaterials/PreviewShadowIndicatorMaterial.PreviewShadowIndicatorMaterial","0","25","25","1","12.749846","0","25"
"/Engine/EngineMaterials/DefaultLightFunctionMaterial.DefaultLightFunctionMaterial","0","37","37","1","18.011608","0","37"
"/Engine/VREditor/TransformGizmo/Main.Main","0","5","5","1","2.393033","0","5"
"/Engine/VREditor/TransformGizmo/Xray.Xray","0","12","12","1","9.123393","0","12"
"/Engine/EditorMaterials/Camera/CineMat.CineMat","0","24","24","1","19.120895","0","24"
"/Engine/EditorLandscapeResources/SplineEditorMeshMat.SplineEditorMeshMat","0","10","12","1","11.783047","0","12"
"/CameraCalibrationCore/Materials/M_DefaultOddSquare.M_DefaultOddSquare","0","4","4","1","1.873827","0","4"
"/CameraCalibrationCore/Materials/M_DefaultEvenSquare.M_DefaultEvenSquare","0","4","4","1","1.976385","0","4"
"/Engine/VREditor/TransformGizmo/TranslucentTransformGizmoMaterial.TranslucentTransformGizmoMaterial","0","5","5","1","3.994355","0","5"
"/Engine/EngineDebugMaterials/M_SimpleUnlitTranslucent.M_SimpleUnlitTranslucent","0","5","5","1","2.365365","0","5"
"/ControlRig/Controls/ControlRigXRayMaterial.ControlRigXRayMaterial","0","10","11","1","7.480228","0","11"
"/Engine/BasicShapes/BasicShapeMaterial.BasicShapeMaterial","0","63","63","1","53.249844","0","63"
"/Engine/EditorMaterials/Dataflow/DataflowVertexMaterial.DataflowVertexMaterial","0","24","24","1","19.539604","0","24"
"/Engine/EditorMaterials/Dataflow/DataflowTwoSidedVertexMaterial.DataflowTwoSidedVertexMaterial","0","15","16","1","14.400566","0","16"
"/Engine/EditorMaterials/Dataflow/DataflowTwoSidedVertexMaterial.SculptMaterial","0","15","16","1","13.607617","0","16"
"/Engine/EngineMaterials/NaniteHiddenSectionMaterial.NaniteHiddenSectionMaterial","0","25","27","1","23.224026","0","27"
"/Engine/EngineMaterials/RemoveSurfaceMaterial.RemoveSurfaceMaterial","0","2","2","1","0.000000","0","2"
"/Engine/EngineDebugMaterials/DebugMeshMaterial.DebugMeshMaterial","0","7","7","1","3.339077","0","7"
"/Engine/EngineMaterials/GizmoMaterial.GizmoMaterial","0","5","6","1","4.470796","0","6"
"/Engine/EditorMaterials/PhAT_UnselectedMaterial.PhAT_UnselectedMaterial","0","5","5","1","2.531233","0","5"
"/Engine/EditorMaterials/PhAT_NoCollisionMaterial.PhAT_NoCollisionMaterial","0","5","5","1","2.383948","0","5"
"Globals","49","9744","0","1","0.000000","0","0"
"/Engine/EngineMaterials/Widget3DPassThrough.Widget3DPassThrough","49","61","66","6","24.426849","3","66"
"/Game/InteractionSystem/Assets/Materials/Master/M_ProcGrid.M_ProcGrid","49","88","92","2","39.098007","36","92"
"/Engine/EngineMaterials/NaniteHiddenSectionMaterial.NaniteHiddenSectionMaterial","49","29","31","1","12.772820","0","31"
"/Engine/EditorMaterials/Dataflow/DataflowTwoSidedVertexMaterial.DataflowTwoSidedVertexMaterial","49","17","18","1","12.709367","0","18"
"/Engine/EditorMaterials/Dataflow/DataflowTwoSidedVertexMaterial.SculptMaterial","49","17","18","1","11.470995","0","18"
"/Engine/EditorLandscapeResources/LandscapeLayerUsageMaterial.LandscapeLayerUsageMaterial","49","4","4","1","3.385615","0","4"
"/Engine/EditorLandscapeResources/SplineEditorMeshMat.SplineEditorMeshMat","49","14","16","1","16.956974","0","16"
"/Engine/EditorMaterials/Camera/CineMat.CineMat","49","26","26","1","14.874935","0","26"
"/Engine/VREditor/TransformGizmo/TranslucentTransformGizmoMaterial.TranslucentTransformGizmoMaterial","49","5","5","1","1.223300","0","5"
"/Engine/EngineDebugMaterials/M_SimpleUnlitTranslucent.M_SimpleUnlitTranslucent","49","5","5","1","0.669917","0","5"
"/ControlRig/Controls/ControlRigXRayMaterial.ControlRigXRayMaterial","49","10","11","1","5.374029","0","11"
"/Engine/EditorMaterials/Dataflow/DataflowVertexMaterial.DataflowVertexMaterial","49","26","26","1","15.907537","0","26"
"/Engine/EngineDebugMaterials/DebugMeshMaterial.DebugMeshMaterial","49","7","7","1","2.096516","0","7"
"/Engine/EditorLandscapeResources/MaskBrushMaterial.MaskBrushMaterial","49","5","5","1","1.531046","3","5"
"/Engine/EditorLandscapeResources/ColorMaskBrushMaterial.ColorMaskBrushMaterial","49","5","5","1","3.568113","0","5"
"/Engine/EditorMaterials/PreviewShadowIndicatorMaterial.PreviewShadowIndicatorMaterial","49","63","63","1","35.284904","0","63"
"/Game/Neo/NeoMat/matVertexColor.matVertexColor","49","14","14","1","6.120366","0","14"
"/Engine/EngineMaterials/PPM_DefaultCalibrationColor.PPM_DefaultCalibrationColor","49","5","5","1","1.378352","0","5"
"/Text3D/Materials/M_Text3DOpaqueUnlit.M_Text3DOpaqueUnlit","49","4","4","1","0.000000","0","4"
"/Engine/EngineMaterials/PPM_DefaultCalibrationGrayscale.PPM_DefaultCalibrationGrayscale","49","5","5","1","1.177143","0","5"
"/InterchangeAssets/gltf/M_Sheen.M_Sheen","49","266","276","6","259.130859","0","276"
"/Game/_nOrbital/mat/rt_Screen1_Mat.rt_Screen1_Mat","49","4","4","1","0.000000","0","4"
"/Game/_nOrbital/mat/rt_Screen2_Mat.rt_Screen2_Mat","49","4","4","1","0.000000","0","4"
"/Engine/EngineMaterials/DefaultLightFunctionMaterial.DefaultLightFunctionMaterial","49","75","75","1","0.000000","0","75"
"/Engine/EngineMaterials/RemoveSurfaceMaterial.RemoveSurfaceMaterial","49","4","4","1","2.528980","0","4"
"/CameraCalibrationCore/Materials/M_DefaultOddSquare.M_DefaultOddSquare","49","6","6","1","2.751891","0","6"
"/CameraCalibrationCore/Materials/M_DefaultEvenSquare.M_DefaultEvenSquare","49","6","6","1","4.238628","0","6"
"/Engine/EditorLandscapeResources/SelectBrushMaterial.SelectBrushMaterial","49","10","10","2","6.902434","0","10"
"/Game/JeremyPuzzle/ModelsAndProps/Assets/Materials/Chest.Chest","49","23","23","1","19.982559","0","23"
"/Engine/VREditor/SnapGrid/SnapGridMaterial.SnapGridMaterial","49","14","14","1","15.003241","0","14"
"/Paper2D/DefaultSpriteMaterial.DefaultSpriteMaterial","49","48","54","2","34.624760","0","54"
"/Engine/VREditor/TransformGizmo/TransformGizmoMaterial.TransformGizmoMaterial","49","4","4","1","0.000000","0","4"
"/ControlRig/M_Manip.M_Manip","49","10","11","1","11.554636","0","11"
"/Engine/EngineMaterials/PhAT_JointLimitMaterial.PhAT_JointLimitMaterial","49","10","11","1","9.399562","0","11"
"/Engine/EngineDebugMaterials/M_VolumeRenderSphereTracePP.M_VolumeRenderSphereTracePP","49","5","5","1","3.133208","0","5"
"/Engine/EngineMaterials/M_InvalidLightmapSettings.M_InvalidLightmapSettings","49","28","28","1","27.543413","0","28"
"/Engine/EngineMaterials/FlattenMaterial.FlattenMaterial","49","71","71","1","170.326599","0","71"
"/Engine/EditorLandscapeResources/LayerVisMaterial.LayerVisMaterial","49","4","4","1","1.881730","0","4"
"/Engine/EditorLandscapeResources/LandscapeDirtyMaterial.LandscapeDirtyMaterial","49","5","5","1","5.301105","0","5"
"/Engine/EngineMaterials/EmissiveMeshMaterial.EmissiveMeshMaterial","49","14","14","1","14.002465","0","14"
"/Engine/EngineMaterials/DefaultPostProcessMaterial.DefaultPostProcessMaterial","49","31","31","1","0.000000","0","31"
"/Engine/EngineDebugMaterials/DebugEditorMaterial.DebugEditorMaterial","49","7","8","1","4.314178","0","8"
"/ControlRig/Controls/ControlRigGizmoMaterial.ControlRigGizmoMaterial","49","4","4","1","2.062446","0","4"
"/Game/InteractionSystem/Assets/Materials/Master/M_Glow.M_Glow","49","4","4","1","0.000000","0","4"
"/Engine/VREditor/TransformGizmo/Xray.Xray","49","14","14","1","8.351654","0","14"
"/Engine/BasicShapes/BasicShapeMaterial.BasicShapeMaterial","49","82","82","1","115.400002","0","82"
"/Engine/EngineMaterials/GizmoMaterial.GizmoMaterial","49","7","8","1","3.421565","0","8"
"/Engine/EditorMeshes/ColorCalibrator/M_ChromeBall.M_ChromeBall","49","35","35","1","20.316309","0","35"
"/InterchangeAssets/gltf/M_SpecularGlossiness.M_SpecularGlossiness","49","266","276","6","243.110626","0","276"
"/Game/Neo/NeoMat/matWireframe.matWireframe","49","27","28","1","14.528352","0","28"
"/Game/Neo/NeoMat/matField.matField","49","20","20","1","10.418658","0","20"
"/Engine/VREditor/TransformGizmo/Main.Main","49","5","5","1","1.409387","0","5"
"/Engine/EditorMaterials/PhAT_UnselectedMaterial.PhAT_UnselectedMaterial","49","5","5","1","0.598417","0","5"
"/Engine/EditorMaterials/PhAT_NoCollisionMaterial.PhAT_NoCollisionMaterial","49","5","5","1","1.367318","0","5"
"/InterchangeAssets/gltf/M_Unlit.M_Unlit","49","230","240","6","491.166809","0","240"
"/Game/InteractionSystem/Assets/Materials/Master/M_Basic.M_Basic","49","82","82","1","95.624298","0","82"
"/Game/Neo/NeoMat/matBridge.matBridge","49","20","20","1","10.944798","0","20"
"/Engine/EngineMaterials/DefaultDeferredDecalMaterial.DefaultDeferredDecalMaterial","49","129","129","1","0.000000","0","129"
"/Engine/EngineMaterials/FlattenMaterial_VT.FlattenMaterial_VT","49","50","50","1","90.343285","0","50"
"/Niagara/DefaultAssets/DefaultRIbbonMaterial.DefaultRibbonMaterial","49","30","35","1","14.711353","0","35"
"/Niagara/DefaultAssets/DefaultSpriteMaterial.DefaultSpriteMaterial","49","40","45","1","18.291416","0","45"
"/Engine/EngineMaterials/FlattenMaterial_WS_Normal_VT.FlattenMaterial_WS_Normal_VT","49","50","50","1","91.671211","0","50"
"/InterchangeAssets/gltf/M_Default.M_Default","49","274","226","6","255.703903","0","226"
"/Engine/EngineMaterials/DefaultMaterial.DefaultMaterial","49","127","127","1","37.018017","0","127"
"/InterchangeAssets/gltf/M_ClearCoat.M_ClearCoat","49","274","292","6","209.587952","0","292"
"/InterchangeAssets/gltf/M_Transmission.M_Transmission","49","92","48","2","144.097092","0","48"
"/Engine/EngineMaterials/DefaultTextMaterialOpaque.DefaultTextMaterialOpaque","49","31","33","1","34.402966","0","33"
"/Engine/EngineMaterials/WorldGridMaterial.WorldGridMaterial","49","2089","2110","1","0.000000","0","2110"
